"Date","Source","Site ID","POC","Daily Mean PM2.5 Concentration","UNITS","DAILY_AQI_VALUE","Site Name","DAILY_OBS_COUNT","PERCENT_COMPLETE","AQS_PARAMETER_CODE","AQS_PARAMETER_DESC","CBSA_CODE","CBSA_NAME","STATE_CODE","STATE","COUNTY_CODE","COUNTY","SITE_LATITUDE","SITE_LONGITUDE"
"01/01/2020","AQS","360610115","3","8.6","ug/m3 LC","36","Intermediate School 143","1","100.0000","88502","Acceptable PM2.5 AQI & Speciation Mass","35620","New York-Newark-Jersey City, NY-NJ-PA","36","New York","061","New York","40.8495500009336","-73.935649"
"01/02/2020","AQS","360610115","3","14.5","ug/m3 LC","56","Intermediate School 143","1","100.0000","88502","Acceptable PM2.5 AQI & Speciation Mass","35620","New York-Newark-Jersey City, NY-NJ-PA","36","New York","061","New York","40.8495500009336","-73.935649"
"01/03/2020","AQS","360610115","3","17.5","ug/m3 LC","62","Intermediate School 143","1","100.0000","88502","Acceptable PM2.5 AQI & Speciation Mass","35620","New York-Newark-Jersey City, NY-NJ-PA","36","New York","061","New York","40.8495500009336","-73.935649"
"01/04/2020","AQS","360610115","3","12.5","ug/m3 LC","52","Intermediate School 143","1","100.0000","88502","Acceptable PM2.5 AQI & Speciation Mass","35620","New York-Newark-Jersey City, NY-NJ-PA","36","New York","061","New York","40.8495500009336","-73.935649"
"01/05/2020","AQS","360610115","3","8.3","ug/m3 LC","35","Intermediate School 143","1","100.0000","88502","Acceptable PM2.5 AQI & Speciation Mass","35620","New York-Newark-Jersey City, NY-NJ-PA","36","New York","061","New York","40.8495500009336","-73.935649"
"01/06/2020","AQS","360610115","3","11.3","ug/m3 LC","47","Intermediate School 143","1","100.0000","88502","Acceptable PM2.5 AQI & Speciation Mass","35620","New York-Newark-Jersey City, NY-NJ-PA","36","New York","061","New York","40.8495500009336","-73.935649"
"01/08/2020","AQS","360610115","3","11.3","ug/m3 LC","47","Intermediate School 143","1","100.0000","88502","Acceptable PM2.5 AQI & Speciation Mass","35620","New York-Newark-Jersey City, NY-NJ-PA","36","New York","061","New York","40.8495500009336","-73.935649"
"01/09/2020","AQS","360610115","3","10.3","ug/m3 LC","43","Intermediate School 143","1","100.0000","88502","Acceptable PM2.5 AQI & Speciation Mass","35620","New York-Newark-Jersey City, NY-NJ-PA","36","New York","061","New York","40.8495500009336","-73.935649"
"01/10/2020","AQS","360610115","3","12","ug/m3 LC","50","Intermediate School 143","1","100.0000","88502","Acceptable PM2.5 AQI & Speciation Mass","35620","New York-Newark-Jersey City, NY-NJ-PA","36","New York","061","New York","40.8495500009336","-73.935649"
"01/11/2020","AQS","360610115","3","11.2","ug/m3 LC","47","Intermediate School 143","1","100.0000","88502","Acceptable PM2.5 AQI & Speciation Mass","35620","New York-Newark-Jersey City, NY-NJ-PA","36","New York","061","New York","40.8495500009336","-73.935649"
"01/12/2020","AQS","360610115","3","9.6","ug/m3 LC","40","Intermediate School 143","1","100.0000","88502","Acceptable PM2.5 AQI & Speciation Mass","35620","New York-Newark-Jersey City, NY-NJ-PA","36","New York","061","New York","40.8495500009336","-73.935649"
"01/13/2020","AQS","360610115","3","11.5","ug/m3 LC","48","Intermediate School 143","1","100.0000","88502","Acceptable PM2.5 AQI & Speciation Mass","35620","New York-Newark-Jersey City, NY-NJ-PA","36","New York","061","New York","40.8495500009336","-73.935649"
"01/14/2020","AQS","360610115","3","12.4","ug/m3 LC","52","Intermediate School 143","1","100.0000","88502","Acceptable PM2.5 AQI & Speciation Mass","35620","New York-Newark-Jersey City, NY-NJ-PA","36","New York","061","New York","40.8495500009336","-73.935649"
"01/15/2020","AQS","360610115","3","14.2","ug/m3 LC","55","Intermediate School 143","1","100.0000","88502","Acceptable PM2.5 AQI & Speciation Mass","35620","New York-Newark-Jersey City, NY-NJ-PA","36","New York","061","New York","40.8495500009336","-73.935649"
"01/16/2020","AQS","360610115","3","10.2","ug/m3 LC","43","Intermediate School 143","1","100.0000","88502","Acceptable PM2.5 AQI & Speciation Mass","35620","New York-Newark-Jersey City, NY-NJ-PA","36","New York","061","New York","40.8495500009336","-73.935649"
"01/17/2020","AQS","360610115","3","8.8","ug/m3 LC","37","Intermediate School 143","1","100.0000","88502","Acceptable PM2.5 AQI & Speciation Mass","35620","New York-Newark-Jersey City, NY-NJ-PA","36","New York","061","New York","40.8495500009336","-73.935649"
"01/19/2020","AQS","360610115","3","9.5","ug/m3 LC","40","Intermediate School 143","1","100.0000","88502","Acceptable PM2.5 AQI & Speciation Mass","35620","New York-Newark-Jersey City, NY-NJ-PA","36","New York","061","New York","40.8495500009336","-73.935649"
"01/20/2020","AQS","360610115","3","7.2","ug/m3 LC","30","Intermediate School 143","1","100.0000","88502","Acceptable PM2.5 AQI & Speciation Mass","35620","New York-Newark-Jersey City, NY-NJ-PA","36","New York","061","New York","40.8495500009336","-73.935649"
"01/21/2020","AQS","360610115","3","8.3","ug/m3 LC","35","Intermediate School 143","1","100.0000","88502","Acceptable PM2.5 AQI & Speciation Mass","35620","New York-Newark-Jersey City, NY-NJ-PA","36","New York","061","New York","40.8495500009336","-73.935649"
"01/22/2020","AQS","360610115","3","9.3","ug/m3 LC","39","Intermediate School 143","1","100.0000","88502","Acceptable PM2.5 AQI & Speciation Mass","35620","New York-Newark-Jersey City, NY-NJ-PA","36","New York","061","New York","40.8495500009336","-73.935649"
"01/23/2020","AQS","360610115","3","19.6","ug/m3 LC","67","Intermediate School 143","1","100.0000","88502","Acceptable PM2.5 AQI & Speciation Mass","35620","New York-Newark-Jersey City, NY-NJ-PA","36","New York","061","New York","40.8495500009336","-73.935649"
"01/24/2020","AQS","360610115","3","17.5","ug/m3 LC","62","Intermediate School 143","1","100.0000","88502","Acceptable PM2.5 AQI & Speciation Mass","35620","New York-Newark-Jersey City, NY-NJ-PA","36","New York","061","New York","40.8495500009336","-73.935649"
"01/25/2020","AQS","360610115","3","6","ug/m3 LC","25","Intermediate School 143","1","100.0000","88502","Acceptable PM2.5 AQI & Speciation Mass","35620","New York-Newark-Jersey City, NY-NJ-PA","36","New York","061","New York","40.8495500009336","-73.935649"
"01/26/2020","AQS","360610115","3","7","ug/m3 LC","29","Intermediate School 143","1","100.0000","88502","Acceptable PM2.5 AQI & Speciation Mass","35620","New York-Newark-Jersey City, NY-NJ-PA","36","New York","061","New York","40.8495500009336","-73.935649"
"01/27/2020","AQS","360610115","3","8.5","ug/m3 LC","35","Intermediate School 143","1","100.0000","88502","Acceptable PM2.5 AQI & Speciation Mass","35620","New York-Newark-Jersey City, NY-NJ-PA","36","New York","061","New York","40.8495500009336","-73.935649"
"01/28/2020","AQS","360610115","3","7.3","ug/m3 LC","30","Intermediate School 143","1","100.0000","88502","Acceptable PM2.5 AQI & Speciation Mass","35620","New York-Newark-Jersey City, NY-NJ-PA","36","New York","061","New York","40.8495500009336","-73.935649"
"01/29/2020","AQS","360610115","3","6.6","ug/m3 LC","28","Intermediate School 143","1","100.0000","88502","Acceptable PM2.5 AQI & Speciation Mass","35620","New York-Newark-Jersey City, NY-NJ-PA","36","New York","061","New York","40.8495500009336","-73.935649"
"01/30/2020","AQS","360610115","3","8.8","ug/m3 LC","37","Intermediate School 143","1","100.0000","88502","Acceptable PM2.5 AQI & Speciation Mass","35620","New York-Newark-Jersey City, NY-NJ-PA","36","New York","061","New York","40.8495500009336","-73.935649"
"01/31/2020","AQS","360610115","3","13.3","ug/m3 LC","54","Intermediate School 143","1","100.0000","88502","Acceptable PM2.5 AQI & Speciation Mass","35620","New York-Newark-Jersey City, NY-NJ-PA","36","New York","061","New York","40.8495500009336","-73.935649"
"02/01/2020","AQS","360610115","3","11.8","ug/m3 LC","49","Intermediate School 143","1","100.0000","88502","Acceptable PM2.5 AQI & Speciation Mass","35620","New York-Newark-Jersey City, NY-NJ-PA","36","New York","061","New York","40.8495500009336","-73.935649"
"02/02/2020","AQS","360610115","3","10.5","ug/m3 LC","44","Intermediate School 143","1","100.0000","88502","Acceptable PM2.5 AQI & Speciation Mass","35620","New York-Newark-Jersey City, NY-NJ-PA","36","New York","061","New York","40.8495500009336","-73.935649"
"02/03/2020","AQS","360610115","3","12.5","ug/m3 LC","52","Intermediate School 143","1","100.0000","88502","Acceptable PM2.5 AQI & Speciation Mass","35620","New York-Newark-Jersey City, NY-NJ-PA","36","New York","061","New York","40.8495500009336","-73.935649"
"02/04/2020","AQS","360610115","3","17","ug/m3 LC","61","Intermediate School 143","1","100.0000","88502","Acceptable PM2.5 AQI & Speciation Mass","35620","New York-Newark-Jersey City, NY-NJ-PA","36","New York","061","New York","40.8495500009336","-73.935649"
"02/05/2020","AQS","360610115","3","4.8","ug/m3 LC","20","Intermediate School 143","1","100.0000","88502","Acceptable PM2.5 AQI & Speciation Mass","35620","New York-Newark-Jersey City, NY-NJ-PA","36","New York","061","New York","40.8495500009336","-73.935649"
"02/06/2020","AQS","360610115","3","5.6","ug/m3 LC","23","Intermediate School 143","1","100.0000","88502","Acceptable PM2.5 AQI & Speciation Mass","35620","New York-Newark-Jersey City, NY-NJ-PA","36","New York","061","New York","40.8495500009336","-73.935649"
"02/07/2020","AQS","360610115","3","7.2","ug/m3 LC","30","Intermediate School 143","1","100.0000","88502","Acceptable PM2.5 AQI & Speciation Mass","35620","New York-Newark-Jersey City, NY-NJ-PA","36","New York","061","New York","40.8495500009336","-73.935649"
"02/08/2020","AQS","360610115","3","11.2","ug/m3 LC","47","Intermediate School 143","1","100.0000","88502","Acceptable PM2.5 AQI & Speciation Mass","35620","New York-Newark-Jersey City, NY-NJ-PA","36","New York","061","New York","40.8495500009336","-73.935649"
"02/09/2020","AQS","360610115","3","11","ug/m3 LC","46","Intermediate School 143","1","100.0000","88502","Acceptable PM2.5 AQI & Speciation Mass","35620","New York-Newark-Jersey City, NY-NJ-PA","36","New York","061","New York","40.8495500009336","-73.935649"
"02/10/2020","AQS","360610115","3","9.4","ug/m3 LC","39","Intermediate School 143","1","100.0000","88502","Acceptable PM2.5 AQI & Speciation Mass","35620","New York-Newark-Jersey City, NY-NJ-PA","36","New York","061","New York","40.8495500009336","-73.935649"
"02/11/2020","AQS","360610115","3","8.6","ug/m3 LC","36","Intermediate School 143","1","100.0000","88502","Acceptable PM2.5 AQI & Speciation Mass","35620","New York-Newark-Jersey City, NY-NJ-PA","36","New York","061","New York","40.8495500009336","-73.935649"
"02/12/2020","AQS","360610115","3","8.9","ug/m3 LC","37","Intermediate School 143","1","100.0000","88502","Acceptable PM2.5 AQI & Speciation Mass","35620","New York-Newark-Jersey City, NY-NJ-PA","36","New York","061","New York","40.8495500009336","-73.935649"
"02/13/2020","AQS","360610115","3","8.1","ug/m3 LC","34","Intermediate School 143","1","100.0000","88502","Acceptable PM2.5 AQI & Speciation Mass","35620","New York-Newark-Jersey City, NY-NJ-PA","36","New York","061","New York","40.8495500009336","-73.935649"
"02/14/2020","AQS","360610115","3","8.1","ug/m3 LC","34","Intermediate School 143","1","100.0000","88502","Acceptable PM2.5 AQI & Speciation Mass","35620","New York-Newark-Jersey City, NY-NJ-PA","36","New York","061","New York","40.8495500009336","-73.935649"
"02/15/2020","AQS","360610115","3","6.9","ug/m3 LC","29","Intermediate School 143","1","100.0000","88502","Acceptable PM2.5 AQI & Speciation Mass","35620","New York-Newark-Jersey City, NY-NJ-PA","36","New York","061","New York","40.8495500009336","-73.935649"
"02/16/2020","AQS","360610115","3","10.9","ug/m3 LC","45","Intermediate School 143","1","100.0000","88502","Acceptable PM2.5 AQI & Speciation Mass","35620","New York-Newark-Jersey City, NY-NJ-PA","36","New York","061","New York","40.8495500009336","-73.935649"
"02/17/2020","AQS","360610115","3","10.3","ug/m3 LC","43","Intermediate School 143","1","100.0000","88502","Acceptable PM2.5 AQI & Speciation Mass","35620","New York-Newark-Jersey City, NY-NJ-PA","36","New York","061","New York","40.8495500009336","-73.935649"
"02/18/2020","AQS","360610115","3","8.7","ug/m3 LC","36","Intermediate School 143","1","100.0000","88502","Acceptable PM2.5 AQI & Speciation Mass","35620","New York-Newark-Jersey City, NY-NJ-PA","36","New York","061","New York","40.8495500009336","-73.935649"
"02/19/2020","AQS","360610115","3","8.1","ug/m3 LC","34","Intermediate School 143","1","100.0000","88502","Acceptable PM2.5 AQI & Speciation Mass","35620","New York-Newark-Jersey City, NY-NJ-PA","36","New York","061","New York","40.8495500009336","-73.935649"
"02/20/2020","AQS","360610115","3","6.6","ug/m3 LC","28","Intermediate School 143","1","100.0000","88502","Acceptable PM2.5 AQI & Speciation Mass","35620","New York-Newark-Jersey City, NY-NJ-PA","36","New York","061","New York","40.8495500009336","-73.935649"
"02/21/2020","AQS","360610115","3","5.8","ug/m3 LC","24","Intermediate School 143","1","100.0000","88502","Acceptable PM2.5 AQI & Speciation Mass","35620","New York-Newark-Jersey City, NY-NJ-PA","36","New York","061","New York","40.8495500009336","-73.935649"
"02/22/2020","AQS","360610115","3","9.3","ug/m3 LC","39","Intermediate School 143","1","100.0000","88502","Acceptable PM2.5 AQI & Speciation Mass","35620","New York-Newark-Jersey City, NY-NJ-PA","36","New York","061","New York","40.8495500009336","-73.935649"
"02/23/2020","AQS","360610115","3","10.6","ug/m3 LC","44","Intermediate School 143","1","100.0000","88502","Acceptable PM2.5 AQI & Speciation Mass","35620","New York-Newark-Jersey City, NY-NJ-PA","36","New York","061","New York","40.8495500009336","-73.935649"
"02/24/2020","AQS","360610115","3","15.6","ug/m3 LC","58","Intermediate School 143","1","100.0000","88502","Acceptable PM2.5 AQI & Speciation Mass","35620","New York-Newark-Jersey City, NY-NJ-PA","36","New York","061","New York","40.8495500009336","-73.935649"
"02/25/2020","AQS","360610115","3","10.7","ug/m3 LC","45","Intermediate School 143","1","100.0000","88502","Acceptable PM2.5 AQI & Speciation Mass","35620","New York-Newark-Jersey City, NY-NJ-PA","36","New York","061","New York","40.8495500009336","-73.935649"
"02/26/2020","AQS","360610115","3","4.9","ug/m3 LC","20","Intermediate School 143","1","100.0000","88502","Acceptable PM2.5 AQI & Speciation Mass","35620","New York-Newark-Jersey City, NY-NJ-PA","36","New York","061","New York","40.8495500009336","-73.935649"
"02/27/2020","AQS","360610115","3","4.8","ug/m3 LC","20","Intermediate School 143","1","100.0000","88502","Acceptable PM2.5 AQI & Speciation Mass","35620","New York-Newark-Jersey City, NY-NJ-PA","36","New York","061","New York","40.8495500009336","-73.935649"
"02/28/2020","AQS","360610115","3","7.1","ug/m3 LC","30","Intermediate School 143","1","100.0000","88502","Acceptable PM2.5 AQI & Speciation Mass","35620","New York-Newark-Jersey City, NY-NJ-PA","36","New York","061","New York","40.8495500009336","-73.935649"
"02/29/2020","AQS","360610115","3","7.3","ug/m3 LC","30","Intermediate School 143","1","100.0000","88502","Acceptable PM2.5 AQI & Speciation Mass","35620","New York-Newark-Jersey City, NY-NJ-PA","36","New York","061","New York","40.8495500009336","-73.935649"
"03/01/2020","AQS","360610115","3","7.2","ug/m3 LC","30","Intermediate School 143","1","100.0000","88502","Acceptable PM2.5 AQI & Speciation Mass","35620","New York-Newark-Jersey City, NY-NJ-PA","36","New York","061","New York","40.8495500009336","-73.935649"
"03/02/2020","AQS","360610115","3","13.5","ug/m3 LC","54","Intermediate School 143","1","100.0000","88502","Acceptable PM2.5 AQI & Speciation Mass","35620","New York-Newark-Jersey City, NY-NJ-PA","36","New York","061","New York","40.8495500009336","-73.935649"
"03/03/2020","AQS","360610115","3","11.7","ug/m3 LC","49","Intermediate School 143","1","100.0000","88502","Acceptable PM2.5 AQI & Speciation Mass","35620","New York-Newark-Jersey City, NY-NJ-PA","36","New York","061","New York","40.8495500009336","-73.935649"
"03/04/2020","AQS","360610115","3","6.2","ug/m3 LC","26","Intermediate School 143","1","100.0000","88502","Acceptable PM2.5 AQI & Speciation Mass","35620","New York-Newark-Jersey City, NY-NJ-PA","36","New York","061","New York","40.8495500009336","-73.935649"
"03/05/2020","AQS","360610115","3","6.5","ug/m3 LC","27","Intermediate School 143","1","100.0000","88502","Acceptable PM2.5 AQI & Speciation Mass","35620","New York-Newark-Jersey City, NY-NJ-PA","36","New York","061","New York","40.8495500009336","-73.935649"
"03/06/2020","AQS","360610115","3","5.6","ug/m3 LC","23","Intermediate School 143","1","100.0000","88502","Acceptable PM2.5 AQI & Speciation Mass","35620","New York-Newark-Jersey City, NY-NJ-PA","36","New York","061","New York","40.8495500009336","-73.935649"
"03/07/2020","AQS","360610115","3","5.2","ug/m3 LC","22","Intermediate School 143","1","100.0000","88502","Acceptable PM2.5 AQI & Speciation Mass","35620","New York-Newark-Jersey City, NY-NJ-PA","36","New York","061","New York","40.8495500009336","-73.935649"
"03/08/2020","AQS","360610115","3","6.4","ug/m3 LC","27","Intermediate School 143","1","100.0000","88502","Acceptable PM2.5 AQI & Speciation Mass","35620","New York-Newark-Jersey City, NY-NJ-PA","36","New York","061","New York","40.8495500009336","-73.935649"
"03/09/2020","AQS","360610115","3","11.5","ug/m3 LC","48","Intermediate School 143","1","100.0000","88502","Acceptable PM2.5 AQI & Speciation Mass","35620","New York-Newark-Jersey City, NY-NJ-PA","36","New York","061","New York","40.8495500009336","-73.935649"
"03/10/2020","AQS","360610115","3","11.5","ug/m3 LC","48","Intermediate School 143","1","100.0000","88502","Acceptable PM2.5 AQI & Speciation Mass","35620","New York-Newark-Jersey City, NY-NJ-PA","36","New York","061","New York","40.8495500009336","-73.935649"
"03/11/2020","AQS","360610115","3","5.7","ug/m3 LC","24","Intermediate School 143","1","100.0000","88502","Acceptable PM2.5 AQI & Speciation Mass","35620","New York-Newark-Jersey City, NY-NJ-PA","36","New York","061","New York","40.8495500009336","-73.935649"
"03/12/2020","AQS","360610115","3","5.9","ug/m3 LC","25","Intermediate School 143","1","100.0000","88502","Acceptable PM2.5 AQI & Speciation Mass","35620","New York-Newark-Jersey City, NY-NJ-PA","36","New York","061","New York","40.8495500009336","-73.935649"
"03/13/2020","AQS","360610115","3","5.5","ug/m3 LC","23","Intermediate School 143","1","100.0000","88502","Acceptable PM2.5 AQI & Speciation Mass","35620","New York-Newark-Jersey City, NY-NJ-PA","36","New York","061","New York","40.8495500009336","-73.935649"
"03/14/2020","AQS","360610115","3","5.2","ug/m3 LC","22","Intermediate School 143","1","100.0000","88502","Acceptable PM2.5 AQI & Speciation Mass","35620","New York-Newark-Jersey City, NY-NJ-PA","36","New York","061","New York","40.8495500009336","-73.935649"
"03/15/2020","AQS","360610115","3","4.4","ug/m3 LC","18","Intermediate School 143","1","100.0000","88502","Acceptable PM2.5 AQI & Speciation Mass","35620","New York-Newark-Jersey City, NY-NJ-PA","36","New York","061","New York","40.8495500009336","-73.935649"
"03/16/2020","AQS","360610115","3","4.4","ug/m3 LC","18","Intermediate School 143","1","100.0000","88502","Acceptable PM2.5 AQI & Speciation Mass","35620","New York-Newark-Jersey City, NY-NJ-PA","36","New York","061","New York","40.8495500009336","-73.935649"
"03/17/2020","AQS","360610115","3","6.5","ug/m3 LC","27","Intermediate School 143","1","100.0000","88502","Acceptable PM2.5 AQI & Speciation Mass","35620","New York-Newark-Jersey City, NY-NJ-PA","36","New York","061","New York","40.8495500009336","-73.935649"
"03/18/2020","AQS","360610115","3","6.3","ug/m3 LC","26","Intermediate School 143","1","100.0000","88502","Acceptable PM2.5 AQI & Speciation Mass","35620","New York-Newark-Jersey City, NY-NJ-PA","36","New York","061","New York","40.8495500009336","-73.935649"
"03/19/2020","AQS","360610115","3","4.3","ug/m3 LC","18","Intermediate School 143","1","100.0000","88502","Acceptable PM2.5 AQI & Speciation Mass","35620","New York-Newark-Jersey City, NY-NJ-PA","36","New York","061","New York","40.8495500009336","-73.935649"
"03/20/2020","AQS","360610115","3","9.5","ug/m3 LC","40","Intermediate School 143","1","100.0000","88502","Acceptable PM2.5 AQI & Speciation Mass","35620","New York-Newark-Jersey City, NY-NJ-PA","36","New York","061","New York","40.8495500009336","-73.935649"
"03/21/2020","AQS","360610115","3","4.5","ug/m3 LC","19","Intermediate School 143","1","100.0000","88502","Acceptable PM2.5 AQI & Speciation Mass","35620","New York-Newark-Jersey City, NY-NJ-PA","36","New York","061","New York","40.8495500009336","-73.935649"
"03/22/2020","AQS","360610115","3","5.8","ug/m3 LC","24","Intermediate School 143","1","100.0000","88502","Acceptable PM2.5 AQI & Speciation Mass","35620","New York-Newark-Jersey City, NY-NJ-PA","36","New York","061","New York","40.8495500009336","-73.935649"
"03/23/2020","AQS","360610115","3","2.1","ug/m3 LC","9","Intermediate School 143","1","100.0000","88502","Acceptable PM2.5 AQI & Speciation Mass","35620","New York-Newark-Jersey City, NY-NJ-PA","36","New York","061","New York","40.8495500009336","-73.935649"
"03/24/2020","AQS","360610115","3","4.2","ug/m3 LC","18","Intermediate School 143","1","100.0000","88502","Acceptable PM2.5 AQI & Speciation Mass","35620","New York-Newark-Jersey City, NY-NJ-PA","36","New York","061","New York","40.8495500009336","-73.935649"
"03/25/2020","AQS","360610115","3","5.4","ug/m3 LC","23","Intermediate School 143","1","100.0000","88502","Acceptable PM2.5 AQI & Speciation Mass","35620","New York-Newark-Jersey City, NY-NJ-PA","36","New York","061","New York","40.8495500009336","-73.935649"
"03/26/2020","AQS","360610115","3","6.7","ug/m3 LC","28","Intermediate School 143","1","100.0000","88502","Acceptable PM2.5 AQI & Speciation Mass","35620","New York-Newark-Jersey City, NY-NJ-PA","36","New York","061","New York","40.8495500009336","-73.935649"
"03/27/2020","AQS","360610115","3","6.2","ug/m3 LC","26","Intermediate School 143","1","100.0000","88502","Acceptable PM2.5 AQI & Speciation Mass","35620","New York-Newark-Jersey City, NY-NJ-PA","36","New York","061","New York","40.8495500009336","-73.935649"
"03/28/2020","AQS","360610115","3","5","ug/m3 LC","21","Intermediate School 143","1","100.0000","88502","Acceptable PM2.5 AQI & Speciation Mass","35620","New York-Newark-Jersey City, NY-NJ-PA","36","New York","061","New York","40.8495500009336","-73.935649"
"03/29/2020","AQS","360610115","3","1.7","ug/m3 LC","7","Intermediate School 143","1","100.0000","88502","Acceptable PM2.5 AQI & Speciation Mass","35620","New York-Newark-Jersey City, NY-NJ-PA","36","New York","061","New York","40.8495500009336","-73.935649"
"03/30/2020","AQS","360610115","3","5.2","ug/m3 LC","22","Intermediate School 143","1","100.0000","88502","Acceptable PM2.5 AQI & Speciation Mass","35620","New York-Newark-Jersey City, NY-NJ-PA","36","New York","061","New York","40.8495500009336","-73.935649"
"03/31/2020","AQS","360610115","3","2.2","ug/m3 LC","9","Intermediate School 143","1","100.0000","88502","Acceptable PM2.5 AQI & Speciation Mass","35620","New York-Newark-Jersey City, NY-NJ-PA","36","New York","061","New York","40.8495500009336","-73.935649"
"04/01/2020","AQS","360610115","3","4","ug/m3 LC","17","Intermediate School 143","1","100.0000","88502","Acceptable PM2.5 AQI & Speciation Mass","35620","New York-Newark-Jersey City, NY-NJ-PA","36","New York","061","New York","40.8495500009336","-73.935649"
"04/02/2020","AQS","360610115","3","3","ug/m3 LC","13","Intermediate School 143","1","100.0000","88502","Acceptable PM2.5 AQI & Speciation Mass","35620","New York-Newark-Jersey City, NY-NJ-PA","36","New York","061","New York","40.8495500009336","-73.935649"
"04/03/2020","AQS","360610115","3","2.3","ug/m3 LC","10","Intermediate School 143","1","100.0000","88502","Acceptable PM2.5 AQI & Speciation Mass","35620","New York-Newark-Jersey City, NY-NJ-PA","36","New York","061","New York","40.8495500009336","-73.935649"
"04/04/2020","AQS","360610115","3","2.9","ug/m3 LC","12","Intermediate School 143","1","100.0000","88502","Acceptable PM2.5 AQI & Speciation Mass","35620","New York-Newark-Jersey City, NY-NJ-PA","36","New York","061","New York","40.8495500009336","-73.935649"
"04/05/2020","AQS","360610115","3","9.4","ug/m3 LC","39","Intermediate School 143","1","100.0000","88502","Acceptable PM2.5 AQI & Speciation Mass","35620","New York-Newark-Jersey City, NY-NJ-PA","36","New York","061","New York","40.8495500009336","-73.935649"
"04/06/2020","AQS","360610115","3","3.6","ug/m3 LC","15","Intermediate School 143","1","100.0000","88502","Acceptable PM2.5 AQI & Speciation Mass","35620","New York-Newark-Jersey City, NY-NJ-PA","36","New York","061","New York","40.8495500009336","-73.935649"
"04/07/2020","AQS","360610115","3","5.3","ug/m3 LC","22","Intermediate School 143","1","100.0000","88502","Acceptable PM2.5 AQI & Speciation Mass","35620","New York-Newark-Jersey City, NY-NJ-PA","36","New York","061","New York","40.8495500009336","-73.935649"
"04/08/2020","AQS","360610115","3","8.3","ug/m3 LC","35","Intermediate School 143","1","100.0000","88502","Acceptable PM2.5 AQI & Speciation Mass","35620","New York-Newark-Jersey City, NY-NJ-PA","36","New York","061","New York","40.8495500009336","-73.935649"
"04/09/2020","AQS","360610115","3","4.2","ug/m3 LC","18","Intermediate School 143","1","100.0000","88502","Acceptable PM2.5 AQI & Speciation Mass","35620","New York-Newark-Jersey City, NY-NJ-PA","36","New York","061","New York","40.8495500009336","-73.935649"
"04/10/2020","AQS","360610115","3","4.1","ug/m3 LC","17","Intermediate School 143","1","100.0000","88502","Acceptable PM2.5 AQI & Speciation Mass","35620","New York-Newark-Jersey City, NY-NJ-PA","36","New York","061","New York","40.8495500009336","-73.935649"
"04/11/2020","AQS","360610115","3","4.6","ug/m3 LC","19","Intermediate School 143","1","100.0000","88502","Acceptable PM2.5 AQI & Speciation Mass","35620","New York-Newark-Jersey City, NY-NJ-PA","36","New York","061","New York","40.8495500009336","-73.935649"
"04/12/2020","AQS","360610115","3","8.1","ug/m3 LC","34","Intermediate School 143","1","100.0000","88502","Acceptable PM2.5 AQI & Speciation Mass","35620","New York-Newark-Jersey City, NY-NJ-PA","36","New York","061","New York","40.8495500009336","-73.935649"
"04/13/2020","AQS","360610115","3","5","ug/m3 LC","21","Intermediate School 143","1","100.0000","88502","Acceptable PM2.5 AQI & Speciation Mass","35620","New York-Newark-Jersey City, NY-NJ-PA","36","New York","061","New York","40.8495500009336","-73.935649"
"04/14/2020","AQS","360610115","3","5.3","ug/m3 LC","22","Intermediate School 143","1","100.0000","88502","Acceptable PM2.5 AQI & Speciation Mass","35620","New York-Newark-Jersey City, NY-NJ-PA","36","New York","061","New York","40.8495500009336","-73.935649"
"04/15/2020","AQS","360610115","3","4.7","ug/m3 LC","20","Intermediate School 143","1","100.0000","88502","Acceptable PM2.5 AQI & Speciation Mass","35620","New York-Newark-Jersey City, NY-NJ-PA","36","New York","061","New York","40.8495500009336","-73.935649"
"04/16/2020","AQS","360610115","3","5.5","ug/m3 LC","23","Intermediate School 143","1","100.0000","88502","Acceptable PM2.5 AQI & Speciation Mass","35620","New York-Newark-Jersey City, NY-NJ-PA","36","New York","061","New York","40.8495500009336","-73.935649"
"04/17/2020","AQS","360610115","3","5.9","ug/m3 LC","25","Intermediate School 143","1","100.0000","88502","Acceptable PM2.5 AQI & Speciation Mass","35620","New York-Newark-Jersey City, NY-NJ-PA","36","New York","061","New York","40.8495500009336","-73.935649"
"04/18/2020","AQS","360610115","3","3.5","ug/m3 LC","15","Intermediate School 143","1","100.0000","88502","Acceptable PM2.5 AQI & Speciation Mass","35620","New York-Newark-Jersey City, NY-NJ-PA","36","New York","061","New York","40.8495500009336","-73.935649"
"04/19/2020","AQS","360610115","3","7.4","ug/m3 LC","31","Intermediate School 143","1","100.0000","88502","Acceptable PM2.5 AQI & Speciation Mass","35620","New York-Newark-Jersey City, NY-NJ-PA","36","New York","061","New York","40.8495500009336","-73.935649"
"04/20/2020","AQS","360610115","3","3.8","ug/m3 LC","16","Intermediate School 143","1","100.0000","88502","Acceptable PM2.5 AQI & Speciation Mass","35620","New York-Newark-Jersey City, NY-NJ-PA","36","New York","061","New York","40.8495500009336","-73.935649"
"04/21/2020","AQS","360610115","3","5","ug/m3 LC","21","Intermediate School 143","1","100.0000","88502","Acceptable PM2.5 AQI & Speciation Mass","35620","New York-Newark-Jersey City, NY-NJ-PA","36","New York","061","New York","40.8495500009336","-73.935649"
"04/22/2020","AQS","360610115","3","4.6","ug/m3 LC","19","Intermediate School 143","1","100.0000","88502","Acceptable PM2.5 AQI & Speciation Mass","35620","New York-Newark-Jersey City, NY-NJ-PA","36","New York","061","New York","40.8495500009336","-73.935649"
"04/23/2020","AQS","360610115","3","6.9","ug/m3 LC","29","Intermediate School 143","1","100.0000","88502","Acceptable PM2.5 AQI & Speciation Mass","35620","New York-Newark-Jersey City, NY-NJ-PA","36","New York","061","New York","40.8495500009336","-73.935649"
"04/24/2020","AQS","360610115","3","4.6","ug/m3 LC","19","Intermediate School 143","1","100.0000","88502","Acceptable PM2.5 AQI & Speciation Mass","35620","New York-Newark-Jersey City, NY-NJ-PA","36","New York","061","New York","40.8495500009336","-73.935649"
"04/25/2020","AQS","360610115","3","6.6","ug/m3 LC","28","Intermediate School 143","1","100.0000","88502","Acceptable PM2.5 AQI & Speciation Mass","35620","New York-Newark-Jersey City, NY-NJ-PA","36","New York","061","New York","40.8495500009336","-73.935649"
"04/26/2020","AQS","360610115","3","2.9","ug/m3 LC","12","Intermediate School 143","1","100.0000","88502","Acceptable PM2.5 AQI & Speciation Mass","35620","New York-Newark-Jersey City, NY-NJ-PA","36","New York","061","New York","40.8495500009336","-73.935649"
"04/27/2020","AQS","360610115","3","1","ug/m3 LC","4","Intermediate School 143","1","100.0000","88502","Acceptable PM2.5 AQI & Speciation Mass","35620","New York-Newark-Jersey City, NY-NJ-PA","36","New York","061","New York","40.8495500009336","-73.935649"
"04/28/2020","AQS","360610115","3","4.3","ug/m3 LC","18","Intermediate School 143","1","100.0000","88502","Acceptable PM2.5 AQI & Speciation Mass","35620","New York-Newark-Jersey City, NY-NJ-PA","36","New York","061","New York","40.8495500009336","-73.935649"
"04/29/2020","AQS","360610115","3","5.3","ug/m3 LC","22","Intermediate School 143","1","100.0000","88502","Acceptable PM2.5 AQI & Speciation Mass","35620","New York-Newark-Jersey City, NY-NJ-PA","36","New York","061","New York","40.8495500009336","-73.935649"
"04/30/2020","AQS","360610115","3","4.6","ug/m3 LC","19","Intermediate School 143","1","100.0000","88502","Acceptable PM2.5 AQI & Speciation Mass","35620","New York-Newark-Jersey City, NY-NJ-PA","36","New York","061","New York","40.8495500009336","-73.935649"
"05/01/2020","AQS","360610115","3","2","ug/m3 LC","8","Intermediate School 143","1","100.0000","88502","Acceptable PM2.5 AQI & Speciation Mass","35620","New York-Newark-Jersey City, NY-NJ-PA","36","New York","061","New York","40.8495500009336","-73.935649"
"05/02/2020","AQS","360610115","3","4.8","ug/m3 LC","20","Intermediate School 143","1","100.0000","88502","Acceptable PM2.5 AQI & Speciation Mass","35620","New York-Newark-Jersey City, NY-NJ-PA","36","New York","061","New York","40.8495500009336","-73.935649"
"07/18/2020","AQS","360610115","3","7.6","ug/m3 LC","32","Intermediate School 143","1","100.0000","88502","Acceptable PM2.5 AQI & Speciation Mass","35620","New York-Newark-Jersey City, NY-NJ-PA","36","New York","061","New York","40.8495500009336","-73.935649"
"07/19/2020","AQS","360610115","3","12","ug/m3 LC","50","Intermediate School 143","1","100.0000","88502","Acceptable PM2.5 AQI & Speciation Mass","35620","New York-Newark-Jersey City, NY-NJ-PA","36","New York","061","New York","40.8495500009336","-73.935649"
"07/20/2020","AQS","360610115","3","9.5","ug/m3 LC","40","Intermediate School 143","1","100.0000","88502","Acceptable PM2.5 AQI & Speciation Mass","35620","New York-Newark-Jersey City, NY-NJ-PA","36","New York","061","New York","40.8495500009336","-73.935649"
"07/21/2020","AQS","360610115","3","7.4","ug/m3 LC","31","Intermediate School 143","1","100.0000","88502","Acceptable PM2.5 AQI & Speciation Mass","35620","New York-Newark-Jersey City, NY-NJ-PA","36","New York","061","New York","40.8495500009336","-73.935649"
"07/22/2020","AQS","360610115","3","12.5","ug/m3 LC","52","Intermediate School 143","1","100.0000","88502","Acceptable PM2.5 AQI & Speciation Mass","35620","New York-Newark-Jersey City, NY-NJ-PA","36","New York","061","New York","40.8495500009336","-73.935649"
"07/23/2020","AQS","360610115","3","5.5","ug/m3 LC","23","Intermediate School 143","1","100.0000","88502","Acceptable PM2.5 AQI & Speciation Mass","35620","New York-Newark-Jersey City, NY-NJ-PA","36","New York","061","New York","40.8495500009336","-73.935649"
"07/24/2020","AQS","360610115","3","4","ug/m3 LC","17","Intermediate School 143","1","100.0000","88502","Acceptable PM2.5 AQI & Speciation Mass","35620","New York-Newark-Jersey City, NY-NJ-PA","36","New York","061","New York","40.8495500009336","-73.935649"
"07/25/2020","AQS","360610115","3","8","ug/m3 LC","33","Intermediate School 143","1","100.0000","88502","Acceptable PM2.5 AQI & Speciation Mass","35620","New York-Newark-Jersey City, NY-NJ-PA","36","New York","061","New York","40.8495500009336","-73.935649"
"07/26/2020","AQS","360610115","3","8","ug/m3 LC","33","Intermediate School 143","1","100.0000","88502","Acceptable PM2.5 AQI & Speciation Mass","35620","New York-Newark-Jersey City, NY-NJ-PA","36","New York","061","New York","40.8495500009336","-73.935649"
"07/27/2020","AQS","360610115","3","10.7","ug/m3 LC","45","Intermediate School 143","1","100.0000","88502","Acceptable PM2.5 AQI & Speciation Mass","35620","New York-Newark-Jersey City, NY-NJ-PA","36","New York","061","New York","40.8495500009336","-73.935649"
"07/28/2020","AQS","360610115","3","8.7","ug/m3 LC","36","Intermediate School 143","1","100.0000","88502","Acceptable PM2.5 AQI & Speciation Mass","35620","New York-Newark-Jersey City, NY-NJ-PA","36","New York","061","New York","40.8495500009336","-73.935649"
"07/29/2020","AQS","360610115","3","8.4","ug/m3 LC","35","Intermediate School 143","1","100.0000","88502","Acceptable PM2.5 AQI & Speciation Mass","35620","New York-Newark-Jersey City, NY-NJ-PA","36","New York","061","New York","40.8495500009336","-73.935649"
"07/30/2020","AQS","360610115","3","8.4","ug/m3 LC","35","Intermediate School 143","1","100.0000","88502","Acceptable PM2.5 AQI & Speciation Mass","35620","New York-Newark-Jersey City, NY-NJ-PA","36","New York","061","New York","40.8495500009336","-73.935649"
"07/31/2020","AQS","360610115","3","5.3","ug/m3 LC","22","Intermediate School 143","1","100.0000","88502","Acceptable PM2.5 AQI & Speciation Mass","35620","New York-Newark-Jersey City, NY-NJ-PA","36","New York","061","New York","40.8495500009336","-73.935649"
"08/01/2020","AQS","360610115","3","7.5","ug/m3 LC","31","Intermediate School 143","1","100.0000","88502","Acceptable PM2.5 AQI & Speciation Mass","35620","New York-Newark-Jersey City, NY-NJ-PA","36","New York","061","New York","40.8495500009336","-73.935649"
"08/02/2020","AQS","360610115","3","8.6","ug/m3 LC","36","Intermediate School 143","1","100.0000","88502","Acceptable PM2.5 AQI & Speciation Mass","35620","New York-Newark-Jersey City, NY-NJ-PA","36","New York","061","New York","40.8495500009336","-73.935649"
"08/03/2020","AQS","360610115","3","7.2","ug/m3 LC","30","Intermediate School 143","1","100.0000","88502","Acceptable PM2.5 AQI & Speciation Mass","35620","New York-Newark-Jersey City, NY-NJ-PA","36","New York","061","New York","40.8495500009336","-73.935649"
"08/04/2020","AQS","360610115","3","9.2","ug/m3 LC","38","Intermediate School 143","1","100.0000","88502","Acceptable PM2.5 AQI & Speciation Mass","35620","New York-Newark-Jersey City, NY-NJ-PA","36","New York","061","New York","40.8495500009336","-73.935649"
"08/06/2020","AQS","360610115","3","7.1","ug/m3 LC","30","Intermediate School 143","1","100.0000","88502","Acceptable PM2.5 AQI & Speciation Mass","35620","New York-Newark-Jersey City, NY-NJ-PA","36","New York","061","New York","40.8495500009336","-73.935649"
"08/07/2020","AQS","360610115","3","8.1","ug/m3 LC","34","Intermediate School 143","1","100.0000","88502","Acceptable PM2.5 AQI & Speciation Mass","35620","New York-Newark-Jersey City, NY-NJ-PA","36","New York","061","New York","40.8495500009336","-73.935649"
"08/08/2020","AQS","360610115","3","4","ug/m3 LC","17","Intermediate School 143","1","100.0000","88502","Acceptable PM2.5 AQI & Speciation Mass","35620","New York-Newark-Jersey City, NY-NJ-PA","36","New York","061","New York","40.8495500009336","-73.935649"
"08/09/2020","AQS","360610115","3","8.4","ug/m3 LC","35","Intermediate School 143","1","100.0000","88502","Acceptable PM2.5 AQI & Speciation Mass","35620","New York-Newark-Jersey City, NY-NJ-PA","36","New York","061","New York","40.8495500009336","-73.935649"
"08/10/2020","AQS","360610115","3","14.7","ug/m3 LC","56","Intermediate School 143","1","100.0000","88502","Acceptable PM2.5 AQI & Speciation Mass","35620","New York-Newark-Jersey City, NY-NJ-PA","36","New York","061","New York","40.8495500009336","-73.935649"
"08/11/2020","AQS","360610115","3","13.5","ug/m3 LC","54","Intermediate School 143","1","100.0000","88502","Acceptable PM2.5 AQI & Speciation Mass","35620","New York-Newark-Jersey City, NY-NJ-PA","36","New York","061","New York","40.8495500009336","-73.935649"
"08/12/2020","AQS","360610115","3","13","ug/m3 LC","53","Intermediate School 143","1","100.0000","88502","Acceptable PM2.5 AQI & Speciation Mass","35620","New York-Newark-Jersey City, NY-NJ-PA","36","New York","061","New York","40.8495500009336","-73.935649"
"08/13/2020","AQS","360610115","3","6.5","ug/m3 LC","27","Intermediate School 143","1","100.0000","88502","Acceptable PM2.5 AQI & Speciation Mass","35620","New York-Newark-Jersey City, NY-NJ-PA","36","New York","061","New York","40.8495500009336","-73.935649"
"08/14/2020","AQS","360610115","3","6.7","ug/m3 LC","28","Intermediate School 143","1","100.0000","88502","Acceptable PM2.5 AQI & Speciation Mass","35620","New York-Newark-Jersey City, NY-NJ-PA","36","New York","061","New York","40.8495500009336","-73.935649"
"08/15/2020","AQS","360610115","3","5.3","ug/m3 LC","22","Intermediate School 143","1","100.0000","88502","Acceptable PM2.5 AQI & Speciation Mass","35620","New York-Newark-Jersey City, NY-NJ-PA","36","New York","061","New York","40.8495500009336","-73.935649"
"08/16/2020","AQS","360610115","3","2.7","ug/m3 LC","11","Intermediate School 143","1","100.0000","88502","Acceptable PM2.5 AQI & Speciation Mass","35620","New York-Newark-Jersey City, NY-NJ-PA","36","New York","061","New York","40.8495500009336","-73.935649"
"08/17/2020","AQS","360610115","3","5.4","ug/m3 LC","23","Intermediate School 143","1","100.0000","88502","Acceptable PM2.5 AQI & Speciation Mass","35620","New York-Newark-Jersey City, NY-NJ-PA","36","New York","061","New York","40.8495500009336","-73.935649"
"08/18/2020","AQS","360610115","3","3.7","ug/m3 LC","15","Intermediate School 143","1","100.0000","88502","Acceptable PM2.5 AQI & Speciation Mass","35620","New York-Newark-Jersey City, NY-NJ-PA","36","New York","061","New York","40.8495500009336","-73.935649"
"08/19/2020","AQS","360610115","3","6.3","ug/m3 LC","26","Intermediate School 143","1","100.0000","88502","Acceptable PM2.5 AQI & Speciation Mass","35620","New York-Newark-Jersey City, NY-NJ-PA","36","New York","061","New York","40.8495500009336","-73.935649"
"08/20/2020","AQS","360610115","3","0.1","ug/m3 LC","0","Intermediate School 143","1","100.0000","88502","Acceptable PM2.5 AQI & Speciation Mass","35620","New York-Newark-Jersey City, NY-NJ-PA","36","New York","061","New York","40.8495500009336","-73.935649"
"08/21/2020","AQS","360610115","3","7.4","ug/m3 LC","31","Intermediate School 143","1","100.0000","88502","Acceptable PM2.5 AQI & Speciation Mass","35620","New York-Newark-Jersey City, NY-NJ-PA","36","New York","061","New York","40.8495500009336","-73.935649"
"08/22/2020","AQS","360610115","3","9.1","ug/m3 LC","38","Intermediate School 143","1","100.0000","88502","Acceptable PM2.5 AQI & Speciation Mass","35620","New York-Newark-Jersey City, NY-NJ-PA","36","New York","061","New York","40.8495500009336","-73.935649"
"08/23/2020","AQS","360610115","3","7.1","ug/m3 LC","30","Intermediate School 143","1","100.0000","88502","Acceptable PM2.5 AQI & Speciation Mass","35620","New York-Newark-Jersey City, NY-NJ-PA","36","New York","061","New York","40.8495500009336","-73.935649"
"08/24/2020","AQS","360610115","3","6.1","ug/m3 LC","25","Intermediate School 143","1","100.0000","88502","Acceptable PM2.5 AQI & Speciation Mass","35620","New York-Newark-Jersey City, NY-NJ-PA","36","New York","061","New York","40.8495500009336","-73.935649"
"08/25/2020","AQS","360610115","3","7.8","ug/m3 LC","33","Intermediate School 143","1","100.0000","88502","Acceptable PM2.5 AQI & Speciation Mass","35620","New York-Newark-Jersey City, NY-NJ-PA","36","New York","061","New York","40.8495500009336","-73.935649"
"08/26/2020","AQS","360610115","3","0.4","ug/m3 LC","2","Intermediate School 143","1","100.0000","88502","Acceptable PM2.5 AQI & Speciation Mass","35620","New York-Newark-Jersey City, NY-NJ-PA","36","New York","061","New York","40.8495500009336","-73.935649"
"08/27/2020","AQS","360610115","3","8.6","ug/m3 LC","36","Intermediate School 143","1","100.0000","88502","Acceptable PM2.5 AQI & Speciation Mass","35620","New York-Newark-Jersey City, NY-NJ-PA","36","New York","061","New York","40.8495500009336","-73.935649"
"08/28/2020","AQS","360610115","3","9","ug/m3 LC","38","Intermediate School 143","1","100.0000","88502","Acceptable PM2.5 AQI & Speciation Mass","35620","New York-Newark-Jersey City, NY-NJ-PA","36","New York","061","New York","40.8495500009336","-73.935649"
"08/29/2020","AQS","360610115","3","4.1","ug/m3 LC","17","Intermediate School 143","1","100.0000","88502","Acceptable PM2.5 AQI & Speciation Mass","35620","New York-Newark-Jersey City, NY-NJ-PA","36","New York","061","New York","40.8495500009336","-73.935649"
"08/30/2020","AQS","360610115","3","1.3","ug/m3 LC","5","Intermediate School 143","1","100.0000","88502","Acceptable PM2.5 AQI & Speciation Mass","35620","New York-Newark-Jersey City, NY-NJ-PA","36","New York","061","New York","40.8495500009336","-73.935649"
"08/31/2020","AQS","360610115","3","2.2","ug/m3 LC","9","Intermediate School 143","1","100.0000","88502","Acceptable PM2.5 AQI & Speciation Mass","35620","New York-Newark-Jersey City, NY-NJ-PA","36","New York","061","New York","40.8495500009336","-73.935649"
"09/01/2020","AQS","360610115","3","2.2","ug/m3 LC","9","Intermediate School 143","1","100.0000","88502","Acceptable PM2.5 AQI & Speciation Mass","35620","New York-Newark-Jersey City, NY-NJ-PA","36","New York","061","New York","40.8495500009336","-73.935649"
"09/02/2020","AQS","360610115","3","4.4","ug/m3 LC","18","Intermediate School 143","1","100.0000","88502","Acceptable PM2.5 AQI & Speciation Mass","35620","New York-Newark-Jersey City, NY-NJ-PA","36","New York","061","New York","40.8495500009336","-73.935649"
"09/03/2020","AQS","360610115","3","5.8","ug/m3 LC","24","Intermediate School 143","1","100.0000","88502","Acceptable PM2.5 AQI & Speciation Mass","35620","New York-Newark-Jersey City, NY-NJ-PA","36","New York","061","New York","40.8495500009336","-73.935649"
"09/04/2020","AQS","360610115","3","6.1","ug/m3 LC","25","Intermediate School 143","1","100.0000","88502","Acceptable PM2.5 AQI & Speciation Mass","35620","New York-Newark-Jersey City, NY-NJ-PA","36","New York","061","New York","40.8495500009336","-73.935649"
"09/05/2020","AQS","360610115","3","2.9","ug/m3 LC","12","Intermediate School 143","1","100.0000","88502","Acceptable PM2.5 AQI & Speciation Mass","35620","New York-Newark-Jersey City, NY-NJ-PA","36","New York","061","New York","40.8495500009336","-73.935649"
"09/06/2020","AQS","360610115","3","6.8","ug/m3 LC","28","Intermediate School 143","1","100.0000","88502","Acceptable PM2.5 AQI & Speciation Mass","35620","New York-Newark-Jersey City, NY-NJ-PA","36","New York","061","New York","40.8495500009336","-73.935649"
"09/07/2020","AQS","360610115","3","2.8","ug/m3 LC","12","Intermediate School 143","1","100.0000","88502","Acceptable PM2.5 AQI & Speciation Mass","35620","New York-Newark-Jersey City, NY-NJ-PA","36","New York","061","New York","40.8495500009336","-73.935649"
"09/08/2020","AQS","360610115","3","5.9","ug/m3 LC","25","Intermediate School 143","1","100.0000","88502","Acceptable PM2.5 AQI & Speciation Mass","35620","New York-Newark-Jersey City, NY-NJ-PA","36","New York","061","New York","40.8495500009336","-73.935649"
"09/10/2020","AQS","360610115","3","3.6","ug/m3 LC","15","Intermediate School 143","1","100.0000","88502","Acceptable PM2.5 AQI & Speciation Mass","35620","New York-Newark-Jersey City, NY-NJ-PA","36","New York","061","New York","40.8495500009336","-73.935649"
"09/11/2020","AQS","360610115","3","4","ug/m3 LC","17","Intermediate School 143","1","100.0000","88502","Acceptable PM2.5 AQI & Speciation Mass","35620","New York-Newark-Jersey City, NY-NJ-PA","36","New York","061","New York","40.8495500009336","-73.935649"
"09/12/2020","AQS","360610115","3","2.5","ug/m3 LC","10","Intermediate School 143","1","100.0000","88502","Acceptable PM2.5 AQI & Speciation Mass","35620","New York-Newark-Jersey City, NY-NJ-PA","36","New York","061","New York","40.8495500009336","-73.935649"
"09/13/2020","AQS","360610115","3","4.3","ug/m3 LC","18","Intermediate School 143","1","100.0000","88502","Acceptable PM2.5 AQI & Speciation Mass","35620","New York-Newark-Jersey City, NY-NJ-PA","36","New York","061","New York","40.8495500009336","-73.935649"
"09/14/2020","AQS","360610115","3","1.2","ug/m3 LC","5","Intermediate School 143","1","100.0000","88502","Acceptable PM2.5 AQI & Speciation Mass","35620","New York-Newark-Jersey City, NY-NJ-PA","36","New York","061","New York","40.8495500009336","-73.935649"
"09/15/2020","AQS","360610115","3","1.1","ug/m3 LC","5","Intermediate School 143","1","100.0000","88502","Acceptable PM2.5 AQI & Speciation Mass","35620","New York-Newark-Jersey City, NY-NJ-PA","36","New York","061","New York","40.8495500009336","-73.935649"
"09/16/2020","AQS","360610115","3","3.7","ug/m3 LC","15","Intermediate School 143","1","100.0000","88502","Acceptable PM2.5 AQI & Speciation Mass","35620","New York-Newark-Jersey City, NY-NJ-PA","36","New York","061","New York","40.8495500009336","-73.935649"
"09/17/2020","AQS","360610115","3","6.5","ug/m3 LC","27","Intermediate School 143","1","100.0000","88502","Acceptable PM2.5 AQI & Speciation Mass","35620","New York-Newark-Jersey City, NY-NJ-PA","36","New York","061","New York","40.8495500009336","-73.935649"
"09/18/2020","AQS","360610115","3","4.9","ug/m3 LC","20","Intermediate School 143","1","100.0000","88502","Acceptable PM2.5 AQI & Speciation Mass","35620","New York-Newark-Jersey City, NY-NJ-PA","36","New York","061","New York","40.8495500009336","-73.935649"
"09/19/2020","AQS","360610115","3","1.2","ug/m3 LC","5","Intermediate School 143","1","100.0000","88502","Acceptable PM2.5 AQI & Speciation Mass","35620","New York-Newark-Jersey City, NY-NJ-PA","36","New York","061","New York","40.8495500009336","-73.935649"
"09/20/2020","AQS","360610115","3","1.7","ug/m3 LC","7","Intermediate School 143","1","100.0000","88502","Acceptable PM2.5 AQI & Speciation Mass","35620","New York-Newark-Jersey City, NY-NJ-PA","36","New York","061","New York","40.8495500009336","-73.935649"
"09/21/2020","AQS","360610115","3","1.6","ug/m3 LC","7","Intermediate School 143","1","100.0000","88502","Acceptable PM2.5 AQI & Speciation Mass","35620","New York-Newark-Jersey City, NY-NJ-PA","36","New York","061","New York","40.8495500009336","-73.935649"
"09/22/2020","AQS","360610115","3","1.5","ug/m3 LC","6","Intermediate School 143","1","100.0000","88502","Acceptable PM2.5 AQI & Speciation Mass","35620","New York-Newark-Jersey City, NY-NJ-PA","36","New York","061","New York","40.8495500009336","-73.935649"
"09/23/2020","AQS","360610115","3","9.5","ug/m3 LC","40","Intermediate School 143","1","100.0000","88502","Acceptable PM2.5 AQI & Speciation Mass","35620","New York-Newark-Jersey City, NY-NJ-PA","36","New York","061","New York","40.8495500009336","-73.935649"
"09/24/2020","AQS","360610115","3","14.6","ug/m3 LC","56","Intermediate School 143","1","100.0000","88502","Acceptable PM2.5 AQI & Speciation Mass","35620","New York-Newark-Jersey City, NY-NJ-PA","36","New York","061","New York","40.8495500009336","-73.935649"
"09/25/2020","AQS","360610115","3","18.1","ug/m3 LC","64","Intermediate School 143","1","100.0000","88502","Acceptable PM2.5 AQI & Speciation Mass","35620","New York-Newark-Jersey City, NY-NJ-PA","36","New York","061","New York","40.8495500009336","-73.935649"
"09/26/2020","AQS","360610115","3","7.5","ug/m3 LC","31","Intermediate School 143","1","100.0000","88502","Acceptable PM2.5 AQI & Speciation Mass","35620","New York-Newark-Jersey City, NY-NJ-PA","36","New York","061","New York","40.8495500009336","-73.935649"
"09/27/2020","AQS","360610115","3","3.7","ug/m3 LC","15","Intermediate School 143","1","100.0000","88502","Acceptable PM2.5 AQI & Speciation Mass","35620","New York-Newark-Jersey City, NY-NJ-PA","36","New York","061","New York","40.8495500009336","-73.935649"
"09/28/2020","AQS","360610115","3","4.3","ug/m3 LC","18","Intermediate School 143","1","100.0000","88502","Acceptable PM2.5 AQI & Speciation Mass","35620","New York-Newark-Jersey City, NY-NJ-PA","36","New York","061","New York","40.8495500009336","-73.935649"
"09/29/2020","AQS","360610115","3","4.8","ug/m3 LC","20","Intermediate School 143","1","100.0000","88502","Acceptable PM2.5 AQI & Speciation Mass","35620","New York-Newark-Jersey City, NY-NJ-PA","36","New York","061","New York","40.8495500009336","-73.935649"
"09/30/2020","AQS","360610115","3","2.6","ug/m3 LC","11","Intermediate School 143","1","100.0000","88502","Acceptable PM2.5 AQI & Speciation Mass","35620","New York-Newark-Jersey City, NY-NJ-PA","36","New York","061","New York","40.8495500009336","-73.935649"
"10/01/2020","AQS","360610115","3","4.3","ug/m3 LC","18","Intermediate School 143","1","100.0000","88502","Acceptable PM2.5 AQI & Speciation Mass","35620","New York-Newark-Jersey City, NY-NJ-PA","36","New York","061","New York","40.8495500009336","-73.935649"
"10/02/2020","AQS","360610115","3","4.3","ug/m3 LC","18","Intermediate School 143","1","100.0000","88502","Acceptable PM2.5 AQI & Speciation Mass","35620","New York-Newark-Jersey City, NY-NJ-PA","36","New York","061","New York","40.8495500009336","-73.935649"
"10/03/2020","AQS","360610115","3","3.1","ug/m3 LC","13","Intermediate School 143","1","100.0000","88502","Acceptable PM2.5 AQI & Speciation Mass","35620","New York-Newark-Jersey City, NY-NJ-PA","36","New York","061","New York","40.8495500009336","-73.935649"
"10/04/2020","AQS","360610115","3","2.8","ug/m3 LC","12","Intermediate School 143","1","100.0000","88502","Acceptable PM2.5 AQI & Speciation Mass","35620","New York-Newark-Jersey City, NY-NJ-PA","36","New York","061","New York","40.8495500009336","-73.935649"
"10/05/2020","AQS","360610115","3","4.5","ug/m3 LC","19","Intermediate School 143","1","100.0000","88502","Acceptable PM2.5 AQI & Speciation Mass","35620","New York-Newark-Jersey City, NY-NJ-PA","36","New York","061","New York","40.8495500009336","-73.935649"
"10/06/2020","AQS","360610115","3","7.2","ug/m3 LC","30","Intermediate School 143","1","100.0000","88502","Acceptable PM2.5 AQI & Speciation Mass","35620","New York-Newark-Jersey City, NY-NJ-PA","36","New York","061","New York","40.8495500009336","-73.935649"
"10/07/2020","AQS","360610115","3","7","ug/m3 LC","29","Intermediate School 143","1","100.0000","88502","Acceptable PM2.5 AQI & Speciation Mass","35620","New York-Newark-Jersey City, NY-NJ-PA","36","New York","061","New York","40.8495500009336","-73.935649"
"10/08/2020","AQS","360610115","3","2.7","ug/m3 LC","11","Intermediate School 143","1","100.0000","88502","Acceptable PM2.5 AQI & Speciation Mass","35620","New York-Newark-Jersey City, NY-NJ-PA","36","New York","061","New York","40.8495500009336","-73.935649"
"10/09/2020","AQS","360610115","3","5.3","ug/m3 LC","22","Intermediate School 143","1","100.0000","88502","Acceptable PM2.5 AQI & Speciation Mass","35620","New York-Newark-Jersey City, NY-NJ-PA","36","New York","061","New York","40.8495500009336","-73.935649"
"10/10/2020","AQS","360610115","3","7.7","ug/m3 LC","32","Intermediate School 143","1","100.0000","88502","Acceptable PM2.5 AQI & Speciation Mass","35620","New York-Newark-Jersey City, NY-NJ-PA","36","New York","061","New York","40.8495500009336","-73.935649"
"10/11/2020","AQS","360610115","3","7","ug/m3 LC","29","Intermediate School 143","1","100.0000","88502","Acceptable PM2.5 AQI & Speciation Mass","35620","New York-Newark-Jersey City, NY-NJ-PA","36","New York","061","New York","40.8495500009336","-73.935649"
"10/12/2020","AQS","360610115","3","1.2","ug/m3 LC","5","Intermediate School 143","1","100.0000","88502","Acceptable PM2.5 AQI & Speciation Mass","35620","New York-Newark-Jersey City, NY-NJ-PA","36","New York","061","New York","40.8495500009336","-73.935649"
"10/13/2020","AQS","360610115","3","0.3","ug/m3 LC","1","Intermediate School 143","1","100.0000","88502","Acceptable PM2.5 AQI & Speciation Mass","35620","New York-Newark-Jersey City, NY-NJ-PA","36","New York","061","New York","40.8495500009336","-73.935649"
"10/14/2020","AQS","360610115","3","6.5","ug/m3 LC","27","Intermediate School 143","1","100.0000","88502","Acceptable PM2.5 AQI & Speciation Mass","35620","New York-Newark-Jersey City, NY-NJ-PA","36","New York","061","New York","40.8495500009336","-73.935649"
"10/15/2020","AQS","360610115","3","7.3","ug/m3 LC","30","Intermediate School 143","1","100.0000","88502","Acceptable PM2.5 AQI & Speciation Mass","35620","New York-Newark-Jersey City, NY-NJ-PA","36","New York","061","New York","40.8495500009336","-73.935649"
"10/16/2020","AQS","360610115","3","3.9","ug/m3 LC","16","Intermediate School 143","1","100.0000","88502","Acceptable PM2.5 AQI & Speciation Mass","35620","New York-Newark-Jersey City, NY-NJ-PA","36","New York","061","New York","40.8495500009336","-73.935649"
"10/17/2020","AQS","360610115","3","5.3","ug/m3 LC","22","Intermediate School 143","1","100.0000","88502","Acceptable PM2.5 AQI & Speciation Mass","35620","New York-Newark-Jersey City, NY-NJ-PA","36","New York","061","New York","40.8495500009336","-73.935649"
"10/18/2020","AQS","360610115","3","7.6","ug/m3 LC","32","Intermediate School 143","1","100.0000","88502","Acceptable PM2.5 AQI & Speciation Mass","35620","New York-Newark-Jersey City, NY-NJ-PA","36","New York","061","New York","40.8495500009336","-73.935649"
"10/19/2020","AQS","360610115","3","6.8","ug/m3 LC","28","Intermediate School 143","1","100.0000","88502","Acceptable PM2.5 AQI & Speciation Mass","35620","New York-Newark-Jersey City, NY-NJ-PA","36","New York","061","New York","40.8495500009336","-73.935649"
"10/20/2020","AQS","360610115","3","8.1","ug/m3 LC","34","Intermediate School 143","1","100.0000","88502","Acceptable PM2.5 AQI & Speciation Mass","35620","New York-Newark-Jersey City, NY-NJ-PA","36","New York","061","New York","40.8495500009336","-73.935649"
"10/21/2020","AQS","360610115","3","5.8","ug/m3 LC","24","Intermediate School 143","1","100.0000","88502","Acceptable PM2.5 AQI & Speciation Mass","35620","New York-Newark-Jersey City, NY-NJ-PA","36","New York","061","New York","40.8495500009336","-73.935649"
"10/22/2020","AQS","360610115","3","12.5","ug/m3 LC","52","Intermediate School 143","1","100.0000","88502","Acceptable PM2.5 AQI & Speciation Mass","35620","New York-Newark-Jersey City, NY-NJ-PA","36","New York","061","New York","40.8495500009336","-73.935649"
"10/23/2020","AQS","360610115","3","5.1","ug/m3 LC","21","Intermediate School 143","1","100.0000","88502","Acceptable PM2.5 AQI & Speciation Mass","35620","New York-Newark-Jersey City, NY-NJ-PA","36","New York","061","New York","40.8495500009336","-73.935649"
"10/24/2020","AQS","360610115","3","3.8","ug/m3 LC","16","Intermediate School 143","1","100.0000","88502","Acceptable PM2.5 AQI & Speciation Mass","35620","New York-Newark-Jersey City, NY-NJ-PA","36","New York","061","New York","40.8495500009336","-73.935649"
"10/25/2020","AQS","360610115","3","3.3","ug/m3 LC","14","Intermediate School 143","1","100.0000","88502","Acceptable PM2.5 AQI & Speciation Mass","35620","New York-Newark-Jersey City, NY-NJ-PA","36","New York","061","New York","40.8495500009336","-73.935649"
"10/26/2020","AQS","360610115","3","5.3","ug/m3 LC","22","Intermediate School 143","1","100.0000","88502","Acceptable PM2.5 AQI & Speciation Mass","35620","New York-Newark-Jersey City, NY-NJ-PA","36","New York","061","New York","40.8495500009336","-73.935649"
"10/27/2020","AQS","360610115","3","2.1","ug/m3 LC","9","Intermediate School 143","1","100.0000","88502","Acceptable PM2.5 AQI & Speciation Mass","35620","New York-Newark-Jersey City, NY-NJ-PA","36","New York","061","New York","40.8495500009336","-73.935649"
"10/28/2020","AQS","360610115","3","5.4","ug/m3 LC","23","Intermediate School 143","1","100.0000","88502","Acceptable PM2.5 AQI & Speciation Mass","35620","New York-Newark-Jersey City, NY-NJ-PA","36","New York","061","New York","40.8495500009336","-73.935649"
"10/29/2020","AQS","360610115","3","2.6","ug/m3 LC","11","Intermediate School 143","1","100.0000","88502","Acceptable PM2.5 AQI & Speciation Mass","35620","New York-Newark-Jersey City, NY-NJ-PA","36","New York","061","New York","40.8495500009336","-73.935649"
"10/30/2020","AQS","360610115","3","4.9","ug/m3 LC","20","Intermediate School 143","1","100.0000","88502","Acceptable PM2.5 AQI & Speciation Mass","35620","New York-Newark-Jersey City, NY-NJ-PA","36","New York","061","New York","40.8495500009336","-73.935649"
"10/31/2020","AQS","360610115","3","6.5","ug/m3 LC","27","Intermediate School 143","1","100.0000","88502","Acceptable PM2.5 AQI & Speciation Mass","35620","New York-Newark-Jersey City, NY-NJ-PA","36","New York","061","New York","40.8495500009336","-73.935649"
"11/01/2020","AQS","360610115","3","3","ug/m3 LC","13","Intermediate School 143","1","100.0000","88502","Acceptable PM2.5 AQI & Speciation Mass","35620","New York-Newark-Jersey City, NY-NJ-PA","36","New York","061","New York","40.8495500009336","-73.935649"
"11/02/2020","AQS","360610115","3","8.5","ug/m3 LC","35","Intermediate School 143","1","100.0000","88502","Acceptable PM2.5 AQI & Speciation Mass","35620","New York-Newark-Jersey City, NY-NJ-PA","36","New York","061","New York","40.8495500009336","-73.935649"
"11/03/2020","AQS","360610115","3","11.2","ug/m3 LC","47","Intermediate School 143","1","100.0000","88502","Acceptable PM2.5 AQI & Speciation Mass","35620","New York-Newark-Jersey City, NY-NJ-PA","36","New York","061","New York","40.8495500009336","-73.935649"
"11/04/2020","AQS","360610115","3","10.4","ug/m3 LC","43","Intermediate School 143","1","100.0000","88502","Acceptable PM2.5 AQI & Speciation Mass","35620","New York-Newark-Jersey City, NY-NJ-PA","36","New York","061","New York","40.8495500009336","-73.935649"
"11/05/2020","AQS","360610115","3","11.2","ug/m3 LC","47","Intermediate School 143","1","100.0000","88502","Acceptable PM2.5 AQI & Speciation Mass","35620","New York-Newark-Jersey City, NY-NJ-PA","36","New York","061","New York","40.8495500009336","-73.935649"
"11/06/2020","AQS","360610115","3","13.3","ug/m3 LC","54","Intermediate School 143","1","100.0000","88502","Acceptable PM2.5 AQI & Speciation Mass","35620","New York-Newark-Jersey City, NY-NJ-PA","36","New York","061","New York","40.8495500009336","-73.935649"
"11/07/2020","AQS","360610115","3","16.2","ug/m3 LC","60","Intermediate School 143","1","100.0000","88502","Acceptable PM2.5 AQI & Speciation Mass","35620","New York-Newark-Jersey City, NY-NJ-PA","36","New York","061","New York","40.8495500009336","-73.935649"
"11/08/2020","AQS","360610115","3","23.2","ug/m3 LC","74","Intermediate School 143","1","100.0000","88502","Acceptable PM2.5 AQI & Speciation Mass","35620","New York-Newark-Jersey City, NY-NJ-PA","36","New York","061","New York","40.8495500009336","-73.935649"
"11/09/2020","AQS","360610115","3","22","ug/m3 LC","72","Intermediate School 143","1","100.0000","88502","Acceptable PM2.5 AQI & Speciation Mass","35620","New York-Newark-Jersey City, NY-NJ-PA","36","New York","061","New York","40.8495500009336","-73.935649"
"11/10/2020","AQS","360610115","3","11.5","ug/m3 LC","48","Intermediate School 143","1","100.0000","88502","Acceptable PM2.5 AQI & Speciation Mass","35620","New York-Newark-Jersey City, NY-NJ-PA","36","New York","061","New York","40.8495500009336","-73.935649"
"11/11/2020","AQS","360610115","3","6.8","ug/m3 LC","28","Intermediate School 143","1","100.0000","88502","Acceptable PM2.5 AQI & Speciation Mass","35620","New York-Newark-Jersey City, NY-NJ-PA","36","New York","061","New York","40.8495500009336","-73.935649"
"11/12/2020","AQS","360610115","3","3.5","ug/m3 LC","15","Intermediate School 143","1","100.0000","88502","Acceptable PM2.5 AQI & Speciation Mass","35620","New York-Newark-Jersey City, NY-NJ-PA","36","New York","061","New York","40.8495500009336","-73.935649"
"11/13/2020","AQS","360610115","3","4.4","ug/m3 LC","18","Intermediate School 143","1","100.0000","88502","Acceptable PM2.5 AQI & Speciation Mass","35620","New York-Newark-Jersey City, NY-NJ-PA","36","New York","061","New York","40.8495500009336","-73.935649"
"11/14/2020","AQS","360610115","3","7.3","ug/m3 LC","30","Intermediate School 143","1","100.0000","88502","Acceptable PM2.5 AQI & Speciation Mass","35620","New York-Newark-Jersey City, NY-NJ-PA","36","New York","061","New York","40.8495500009336","-73.935649"
"11/15/2020","AQS","360610115","3","9.4","ug/m3 LC","39","Intermediate School 143","1","100.0000","88502","Acceptable PM2.5 AQI & Speciation Mass","35620","New York-Newark-Jersey City, NY-NJ-PA","36","New York","061","New York","40.8495500009336","-73.935649"
"11/16/2020","AQS","360610115","3","9.2","ug/m3 LC","38","Intermediate School 143","1","100.0000","88502","Acceptable PM2.5 AQI & Speciation Mass","35620","New York-Newark-Jersey City, NY-NJ-PA","36","New York","061","New York","40.8495500009336","-73.935649"
"11/17/2020","AQS","360610115","3","12.1","ug/m3 LC","51","Intermediate School 143","1","100.0000","88502","Acceptable PM2.5 AQI & Speciation Mass","35620","New York-Newark-Jersey City, NY-NJ-PA","36","New York","061","New York","40.8495500009336","-73.935649"
"11/18/2020","AQS","360610115","3","6.7","ug/m3 LC","28","Intermediate School 143","1","100.0000","88502","Acceptable PM2.5 AQI & Speciation Mass","35620","New York-Newark-Jersey City, NY-NJ-PA","36","New York","061","New York","40.8495500009336","-73.935649"
"11/19/2020","AQS","360610115","3","6.5","ug/m3 LC","27","Intermediate School 143","1","100.0000","88502","Acceptable PM2.5 AQI & Speciation Mass","35620","New York-Newark-Jersey City, NY-NJ-PA","36","New York","061","New York","40.8495500009336","-73.935649"
"11/20/2020","AQS","360610115","3","11.4","ug/m3 LC","48","Intermediate School 143","1","100.0000","88502","Acceptable PM2.5 AQI & Speciation Mass","35620","New York-Newark-Jersey City, NY-NJ-PA","36","New York","061","New York","40.8495500009336","-73.935649"
"11/21/2020","AQS","360610115","3","11.6","ug/m3 LC","48","Intermediate School 143","1","100.0000","88502","Acceptable PM2.5 AQI & Speciation Mass","35620","New York-Newark-Jersey City, NY-NJ-PA","36","New York","061","New York","40.8495500009336","-73.935649"
"11/22/2020","AQS","360610115","3","4.8","ug/m3 LC","20","Intermediate School 143","1","100.0000","88502","Acceptable PM2.5 AQI & Speciation Mass","35620","New York-Newark-Jersey City, NY-NJ-PA","36","New York","061","New York","40.8495500009336","-73.935649"
"11/23/2020","AQS","360610115","3","6.9","ug/m3 LC","29","Intermediate School 143","1","100.0000","88502","Acceptable PM2.5 AQI & Speciation Mass","35620","New York-Newark-Jersey City, NY-NJ-PA","36","New York","061","New York","40.8495500009336","-73.935649"
"11/24/2020","AQS","360610115","3","4","ug/m3 LC","17","Intermediate School 143","1","100.0000","88502","Acceptable PM2.5 AQI & Speciation Mass","35620","New York-Newark-Jersey City, NY-NJ-PA","36","New York","061","New York","40.8495500009336","-73.935649"
"11/25/2020","AQS","360610115","3","6.4","ug/m3 LC","27","Intermediate School 143","1","100.0000","88502","Acceptable PM2.5 AQI & Speciation Mass","35620","New York-Newark-Jersey City, NY-NJ-PA","36","New York","061","New York","40.8495500009336","-73.935649"
"11/26/2020","AQS","360610115","3","6.8","ug/m3 LC","28","Intermediate School 143","1","100.0000","88502","Acceptable PM2.5 AQI & Speciation Mass","35620","New York-Newark-Jersey City, NY-NJ-PA","36","New York","061","New York","40.8495500009336","-73.935649"
"11/27/2020","AQS","360610115","3","6.8","ug/m3 LC","28","Intermediate School 143","1","100.0000","88502","Acceptable PM2.5 AQI & Speciation Mass","35620","New York-Newark-Jersey City, NY-NJ-PA","36","New York","061","New York","40.8495500009336","-73.935649"
"11/28/2020","AQS","360610115","3","6.6","ug/m3 LC","28","Intermediate School 143","1","100.0000","88502","Acceptable PM2.5 AQI & Speciation Mass","35620","New York-Newark-Jersey City, NY-NJ-PA","36","New York","061","New York","40.8495500009336","-73.935649"
"11/29/2020","AQS","360610115","3","9","ug/m3 LC","38","Intermediate School 143","1","100.0000","88502","Acceptable PM2.5 AQI & Speciation Mass","35620","New York-Newark-Jersey City, NY-NJ-PA","36","New York","061","New York","40.8495500009336","-73.935649"
"11/30/2020","AQS","360610115","3","8.3","ug/m3 LC","35","Intermediate School 143","1","100.0000","88502","Acceptable PM2.5 AQI & Speciation Mass","35620","New York-Newark-Jersey City, NY-NJ-PA","36","New York","061","New York","40.8495500009336","-73.935649"
"12/01/2020","AQS","360610115","3","7.6","ug/m3 LC","32","Intermediate School 143","1","100.0000","88502","Acceptable PM2.5 AQI & Speciation Mass","35620","New York-Newark-Jersey City, NY-NJ-PA","36","New York","061","New York","40.8495500009336","-73.935649"
"12/02/2020","AQS","360610115","3","6.9","ug/m3 LC","29","Intermediate School 143","1","100.0000","88502","Acceptable PM2.5 AQI & Speciation Mass","35620","New York-Newark-Jersey City, NY-NJ-PA","36","New York","061","New York","40.8495500009336","-73.935649"
"12/03/2020","AQS","360610115","3","8.2","ug/m3 LC","34","Intermediate School 143","1","100.0000","88502","Acceptable PM2.5 AQI & Speciation Mass","35620","New York-Newark-Jersey City, NY-NJ-PA","36","New York","061","New York","40.8495500009336","-73.935649"
"12/04/2020","AQS","360610115","3","9.1","ug/m3 LC","38","Intermediate School 143","1","100.0000","88502","Acceptable PM2.5 AQI & Speciation Mass","35620","New York-Newark-Jersey City, NY-NJ-PA","36","New York","061","New York","40.8495500009336","-73.935649"
"12/05/2020","AQS","360610115","3","5.3","ug/m3 LC","22","Intermediate School 143","1","100.0000","88502","Acceptable PM2.5 AQI & Speciation Mass","35620","New York-Newark-Jersey City, NY-NJ-PA","36","New York","061","New York","40.8495500009336","-73.935649"
"12/06/2020","AQS","360610115","3","4.9","ug/m3 LC","20","Intermediate School 143","1","100.0000","88502","Acceptable PM2.5 AQI & Speciation Mass","35620","New York-Newark-Jersey City, NY-NJ-PA","36","New York","061","New York","40.8495500009336","-73.935649"
"12/07/2020","AQS","360610115","3","6.3","ug/m3 LC","26","Intermediate School 143","1","100.0000","88502","Acceptable PM2.5 AQI & Speciation Mass","35620","New York-Newark-Jersey City, NY-NJ-PA","36","New York","061","New York","40.8495500009336","-73.935649"
"12/09/2020","AQS","360610115","3","10.3","ug/m3 LC","43","Intermediate School 143","1","100.0000","88502","Acceptable PM2.5 AQI & Speciation Mass","35620","New York-Newark-Jersey City, NY-NJ-PA","36","New York","061","New York","40.8495500009336","-73.935649"
"12/10/2020","AQS","360610115","3","10.7","ug/m3 LC","45","Intermediate School 143","1","100.0000","88502","Acceptable PM2.5 AQI & Speciation Mass","35620","New York-Newark-Jersey City, NY-NJ-PA","36","New York","061","New York","40.8495500009336","-73.935649"
"12/11/2020","AQS","360610115","3","15","ug/m3 LC","57","Intermediate School 143","1","100.0000","88502","Acceptable PM2.5 AQI & Speciation Mass","35620","New York-Newark-Jersey City, NY-NJ-PA","36","New York","061","New York","40.8495500009336","-73.935649"
"12/12/2020","AQS","360610115","3","17","ug/m3 LC","61","Intermediate School 143","1","100.0000","88502","Acceptable PM2.5 AQI & Speciation Mass","35620","New York-Newark-Jersey City, NY-NJ-PA","36","New York","061","New York","40.8495500009336","-73.935649"
"12/13/2020","AQS","360610115","3","11.8","ug/m3 LC","49","Intermediate School 143","1","100.0000","88502","Acceptable PM2.5 AQI & Speciation Mass","35620","New York-Newark-Jersey City, NY-NJ-PA","36","New York","061","New York","40.8495500009336","-73.935649"
"12/14/2020","AQS","360610115","3","5.2","ug/m3 LC","22","Intermediate School 143","1","100.0000","88502","Acceptable PM2.5 AQI & Speciation Mass","35620","New York-Newark-Jersey City, NY-NJ-PA","36","New York","061","New York","40.8495500009336","-73.935649"
"12/15/2020","AQS","360610115","3","7.1","ug/m3 LC","30","Intermediate School 143","1","100.0000","88502","Acceptable PM2.5 AQI & Speciation Mass","35620","New York-Newark-Jersey City, NY-NJ-PA","36","New York","061","New York","40.8495500009336","-73.935649"
"12/16/2020","AQS","360610115","3","4.3","ug/m3 LC","18","Intermediate School 143","1","100.0000","88502","Acceptable PM2.5 AQI & Speciation Mass","35620","New York-Newark-Jersey City, NY-NJ-PA","36","New York","061","New York","40.8495500009336","-73.935649"
"12/17/2020","AQS","360610115","3","6","ug/m3 LC","25","Intermediate School 143","1","100.0000","88502","Acceptable PM2.5 AQI & Speciation Mass","35620","New York-Newark-Jersey City, NY-NJ-PA","36","New York","061","New York","40.8495500009336","-73.935649"
"12/18/2020","AQS","360610115","3","8.6","ug/m3 LC","36","Intermediate School 143","1","100.0000","88502","Acceptable PM2.5 AQI & Speciation Mass","35620","New York-Newark-Jersey City, NY-NJ-PA","36","New York","061","New York","40.8495500009336","-73.935649"
"12/19/2020","AQS","360610115","3","10.8","ug/m3 LC","45","Intermediate School 143","1","100.0000","88502","Acceptable PM2.5 AQI & Speciation Mass","35620","New York-Newark-Jersey City, NY-NJ-PA","36","New York","061","New York","40.8495500009336","-73.935649"
"12/20/2020","AQS","360610115","3","12.9","ug/m3 LC","53","Intermediate School 143","1","100.0000","88502","Acceptable PM2.5 AQI & Speciation Mass","35620","New York-Newark-Jersey City, NY-NJ-PA","36","New York","061","New York","40.8495500009336","-73.935649"
"12/21/2020","AQS","360610115","3","17.2","ug/m3 LC","62","Intermediate School 143","1","100.0000","88502","Acceptable PM2.5 AQI & Speciation Mass","35620","New York-Newark-Jersey City, NY-NJ-PA","36","New York","061","New York","40.8495500009336","-73.935649"
"12/22/2020","AQS","360610115","3","14.2","ug/m3 LC","55","Intermediate School 143","1","100.0000","88502","Acceptable PM2.5 AQI & Speciation Mass","35620","New York-Newark-Jersey City, NY-NJ-PA","36","New York","061","New York","40.8495500009336","-73.935649"
"12/23/2020","AQS","360610115","3","8.3","ug/m3 LC","35","Intermediate School 143","1","100.0000","88502","Acceptable PM2.5 AQI & Speciation Mass","35620","New York-Newark-Jersey City, NY-NJ-PA","36","New York","061","New York","40.8495500009336","-73.935649"
"12/24/2020","AQS","360610115","3","8.8","ug/m3 LC","37","Intermediate School 143","1","100.0000","88502","Acceptable PM2.5 AQI & Speciation Mass","35620","New York-Newark-Jersey City, NY-NJ-PA","36","New York","061","New York","40.8495500009336","-73.935649"
"12/29/2020","AQS","360610115","3","9.7","ug/m3 LC","40","Intermediate School 143","1","100.0000","88502","Acceptable PM2.5 AQI & Speciation Mass","35620","New York-Newark-Jersey City, NY-NJ-PA","36","New York","061","New York","40.8495500009336","-73.935649"
"12/30/2020","AQS","360610115","3","3.8","ug/m3 LC","16","Intermediate School 143","1","100.0000","88502","Acceptable PM2.5 AQI & Speciation Mass","35620","New York-Newark-Jersey City, NY-NJ-PA","36","New York","061","New York","40.8495500009336","-73.935649"
"12/31/2020","AQS","360610115","3","12.1","ug/m3 LC","51","Intermediate School 143","1","100.0000","88502","Acceptable PM2.5 AQI & Speciation Mass","35620","New York-Newark-Jersey City, NY-NJ-PA","36","New York","061","New York","40.8495500009336","-73.935649"
